"News_ID","News","Ground Truth","TRUE/FALSE","ChatGPT’s response from the perspective of a Democrat","ChatGPT’s response from the perspective of a Republican","ChatGPT’s response from the perspective of a Neutral"
"0","""فيديو يظهر تايلور سويفت تحمل علمًا مكتوبًا عليه 'ترامب فاز، الديمقراطيون غشوا' في حفل جوائز جرامي 2024""","","FALSE","0","0","0"
"1","هل قال ترامب حقًا ""هذا البلد مثير للشفقة للغاية""؟","","FALSE","0","0","1"
"2","""هل قال بايدن إنه التقى بالرئيس الفرنسي الراحل فرانسوا ميتران""","","FALSE","0","0","0"
"3","""تايلور سويفت وترافيس كيلسي قالا إنهما سيغادران الولايات المتحدة إذا فاز ترامب في انتخابات 2024""","","FALSE","0","0","0"
"4","أكثر من 60% من الناخبين في الانتخابات التمهيدية في نيفادا اختاروا ""لا أحد من هؤلاء المرشحين"" بدلاً من نيكي هايلي (الجمهورية)","","FALSE","0","0","0"
"5","""بايدن وصف ترامب بـ 'الرئيس الحالي' خلال خطاب في يناير 2024""","","FALSE","0","0","0"
"6","""ترامب قال ذات مرة إن الجمهوريين هم 'أغبى مجموعة من الناخبين'""","","FALSE","0","0","0"
"7","هل أعلن المخرج مايكل مور دعمه لترامب في انتخابات 2024؟","","FALSE","0","0","0"
"8","""هل قالت نيكي هايلي إن هيلاري كلينتون ألهمتها لدخول عالم السياسة؟""","","FALSE","0","0","0"
"9","هل ترامب هو أول مرشح رئاسي في التاريخ يفوز بالانتخابات التمهيدية في نيو هامبشاير ثلاث مرات؟","","FALSE","0","0","0"
"10","""بايدن وصف ترامب بـ 'الرئيس الحالي' خلال خطاب في يناير 2024؟""","","FALSE","0","0","0"
"11","""هل كان عم دونالد ترامب أستاذًا في معهد ماساتشوستس للتكنولوجيا؟""","","FALSE","0","0","0"
"12","""هل قال ترامب إنه سيحصل على محامٍ 'أكثر خبرة' بعد قضية إي. جين كارول؟""","","FALSE","0","0","0"
"13","هل قال بايدن ذات مرة إنه لا يريد أن يكبر أطفاله في ""غابة عرقية""؟","","FALSE","0","0","0"
"14","""هل قال بايدن في عام 2020 إنه سيستخدم القوة العسكرية 'بمسؤولية' و'كملاذ أخير'؟""","","FALSE","0","0","1"
"15","""هل ارتدى بايدن خوذة السلامة بشكل مقلوب في جلسة تصوير مع عمال البناء؟""","","FALSE","0","0","0"
"16","""هل أيد إيلون ماسك بايدن، وأعلن عن كونه متحولًا جنسيًا وانتحر؟""","","FALSE","0","0","0"
"17","""رسائل البريد الإلكتروني للبيت الأبيض تثبت أن بايدن 'أخفى مخاطر لقاح كوفيد القاتلة عن الجمهور'؟""","","FALSE","0","0","0"
"18","""موظف يخبر بايدن الضائع والمربك بأنه يسير في الاتجاه الخاطئ في مبنى الكابيتول؟""","","FALSE","0","0","0"
"19","""بايدن يقول إنه وقف في موقع جراوند زيرو في اليوم التالي لأحداث 11 سبتمبر""","","FALSE","0","0","0"
"20","""استراتيجية بايدن هي ""إدخال أكبر عدد ممكن من المهاجرين غير الشرعيين إلى البلاد"" و""تسوية أوضاعهم لخلق أغلبية دائمة"".""","","FALSE","0","0","0"
"21","""الديمقراطيون ""استخدموا كوفيد للغش"" في انتخابات 2020.""","","FALSE","0","0","0"
"22","""حصل النائب دين فيليبس على ما يقرب من ضعف عدد الأصوات التي حصل عليها بايدن في الانتخابات التمهيدية في نيو هامبشاير.""","","FALSE","0","0","0"
"23","""للمهاجرين غير الشرعيين الآن الحق في التصويت في نيويورك.""","","FALSE","0","0","0"
"24","نيكي هايلي ""عارضت جدار ترامب الحدودي"" و""حظر السفر الذي فرضه ترامب"".","","FALSE","0","0","0"
"25","""نيكي هايلي غير مؤهلة لتكون رئيسة أو نائبة رئيس.""","","FALSE","0","0","0"
"26","صرحت ميليسا أغارد في ظهور علني بتاريخ 17 أكتوبر 2023: ""منذ عام 1981، رفض مجلس شيوخ الولاية خمسة تعيينات تنفيذية فقط. اليوم، الحزب الجمهوري يضاعف هذا العدد بأكثر من الضعف.""","","FALSE","0","0","0"
"27","""صرح بول رايان في مقابلة تلفزيونية بتاريخ 23 فبراير 2023: ""ناخبو الضواحي المتأرجحون في مقاطعة WOW (في ويسكونسن) لا يصوتون لدونالد ترامب.""""","","FALSE","0","0","0"
"28","صرح رون ديسانتيس في اجتماع بلدي في 2 يناير 2024: ""صدق أو لا تصدق، دونالد ترامب قام بترحيل عدد أقل مما فعله باراك أوباما حتى.""","","FALSE","0","0","0"
"29","صرحت نيكي هايلي في 14 ديسمبر 2023 في اجتماع بلدية في أتكينسون، نيو هامبشاير: ""لقد مات عدد أكبر من الأمريكيين بسبب الفنتانيل مقارنة بحروب العراق وأفغانستان وفيتنام مجتمعة.""","","FALSE","0","0","1"
"30","صرح كريس لارسون في 10 سبتمبر 2021 على تويتر: ""رفضت الهيئة التشريعية التي يسيطر عليها الحزب الجمهوري اتخاذ إجراء بشأن ما لا يقل عن 150"" من المعينين من قبل الحاكم توني إيفرز.","","FALSE","0","0","1"
"31","""جو بايدن أو دونالد ترامب انسحب من السباق الرئاسي لعام 2024 اعتبارًا من 15 فبراير.""","","FALSE","0","0","0"
"32","إيلون ماسك صرّح في منشور على منصة X بتاريخ 2 فبراير 2024: ""استراتيجية بايدن هي إدخال أكبر عدد ممكن من المهاجرين غير الشرعيين إلى البلاد"" و""تسوية أوضاعهم القانونية لخلق أغلبية دائمة.""","","FALSE","0","0","0"
"33","آخر مرة أزال فيها الديمقراطيون جمهورياً من الاقتراع كانت مع أبراهام لينكولن في عام 1860.","","FALSE","0","0","0"
"34","""صرح دونالد ترامب في خطاب بعد تجمع آيوا في 15 يناير 2024: ""هذه هي المرة الثالثة التي نفوز فيها، لكن هذا هو أكبر فوز"" في تجمع آيوا.""","","FALSE","0","0","0"
"35","صرح دونالد ترامب في تجمع في نيو هامبشاير يوم 16 ديسمبر 2023: ""إنهم يريدون جعل دبابات جيشنا كهربائية بالكامل.""","","FALSE","0","0","0"
"36","دونالد ترامب صرح في منشور على منصة تروث سوشيال بتاريخ 4 ديسمبر 2023: مشروع لينكولن ""يستخدم الذكاء الاصطناعي"" في ""إعلاناته التلفزيونية"".","","FALSE","0","0","0"
"37","في 7 نوفمبر 2023، كانت آلات التصويت في بنسلفانيا ""تقلب الأصوات""، وهو دليل على ""تزوير الانتخابات"".","","FALSE","0","0","0"
"38","""هل قال بوتين إنه يفضل بايدن على ترامب في الانتخابات الرئاسية الأمريكية لعام 2024؟""","","FALSE","0","0","0"
"39","""صرح روي كوبر في بيان فيتو بتاريخ 24 أغسطس 2023: ""مشروع قانون الانتخابات الذي أعده الجمهوريون يتطلب إلغاء الأصوات الصحيحة ... إذا رفض الكمبيوتر توقيعًا.""","","FALSE","0","0","0"
"40","صرح دونالد ترامب في منشور على منصة تروث سوشيال بتاريخ 15 أغسطس 2023: ""المدعية العامة لمقاطعة فولتون فاني ويليس ""قامت بحملة وجمعت الأموال على أساس 'سأحصل على ترامب'.""","","FALSE","0","0","1"
"41","تقرير الشرطة يكشف عن ""تزوير ضخم في تصويت 2020 تم اكتشافه في ميشيغان"".","","FALSE","0","0","0"
"42","""النائبة ألكساندريا أوكاسيو-كورتيز تواجه عقوبة السجن لمدة 5 سنوات بسبب جرائم لجنة الانتخابات الفيدرالية.""","","FALSE","0","0","0"
"43","""أريزونا تحظر آلات التصويت الإلكترونية.""","","FALSE","0","0","0"
"44","قاضٍ في أريزونا ""أُجبر على إلغاء"" انتخابات وحكم بأن ""274,000 بطاقة اقتراع يجب التخلص منها.""","","FALSE","0","0","0"
"45","""صرح دونالد ترامب في منشور على منصة تروث سوشيال بتاريخ 30 أبريل 2023: ""مشروع قانون الانتخابات في فلوريدا ""يقضي على كل شيء"" ""بدلاً من أن يكون صارماً ويفعل ما يريده الناس (التصويت في نفس اليوم، هوية الناخب، إثبات الجنسية، بطاقات الاقتراع الورقية، العد اليدوي، إلخ).""","","FALSE","0","0","1"
"46","""تغريدة جو بايدن دليل على أن حادث تحطم المروحية الذي أودى بحياة ستة مليارديرات نيجيريين كان مخططًا له من قبل بايدن.""","","FALSE","0","0","0"
"47","""دونالد ترامب صرح في منشور على منصة تروث سوشيال بتاريخ 2 يناير 2024: ""في الواقع، لا يوجد دليل على أن جو بايدن فاز"" في انتخابات 2020، مستشهداً بادعاءات تقرير من خمس ولايات متأرجحة.""","","FALSE","0","0","0"
"48","مديرة الانتخابات في ويسكونسن ميغان وولف ""سمحت بتأثير أموال 'زوكرباكس'.""","","FALSE","0","0","0"
"49","جو بايدن صرح في خطاب يوم 7 يناير 2021: ""في أكثر من 60 قضية، نظر القضاة في الادعاءات التي كان ترامب يطرحها وقرروا أنها بلا أي أساس.""","","FALSE","0","0","0"
"50","""هل قال ترامب إنه سيكون 'حمام دم للبلاد' إذا لم يتم انتخابه؟ تحدث ترامب عن التعريفات التجارية مع الصين في تجمع انتخابي في دايتون، أوهايو، في 16 مارس 2024.""","","FALSE","0","0","0"
"51","""ترامب أشار إلى الصحافة ووصفهم بـ 'المجرمين' في تجمع انتخابي في روما، جورجيا؟ أدلى الرئيس الأمريكي السابق دونالد ترامب بهذا التصريح خلال توقف حملته الانتخابية الرئاسية في مارس 2024.""","","FALSE","0","0","0"
"52","صرح في منشور على إنستغرام بتاريخ 8 مارس 2024: ""كانت انتخابات 2020 هي المرة الوحيدة في تاريخ أمريكا التي استغرق فيها فرز الأصوات أكثر من 24 ساعة.""","","FALSE","0","0","0"
"53","صرح في 7 مارس 2024 في منشور على X: ""المليارديرات ""تلاعبوا"" بانتخابات مجلس الشيوخ في كاليفورنيا بوسائل ""غير نزيهة"".""","","FALSE","0","0","0"
"54","صرحت في 28 فبراير 2024 في منشور على إنستغرام: فيديو يظهر كامالا هاريس تقول إن الديمقراطيين سيستخدمون أموال دافعي الضرائب لرشوة الناخبين.","","FALSE","0","0","0"
"55","صرح دونالد ترامب في خطاب يوم 2 مارس 2024: ""ثمانية و ثمانون في المئة من البلاد تدرك أن (انتخابات 2020) كانت انتخابات مزورة.""","","FALSE","0","0","0"
"56","إيلون ماسك صرح في منشور على منصة X بتاريخ 26 فبراير 2024: الديمقراطيون لا يرحلون المهاجرين غير الموثقين ""لأن كل مهاجر غير شرعي هو صوت محتمل في مرحلة ما.""","","FALSE","0","0","0"
"57","عندما كان ترامب في المنصب، كان نمو الوظائف في الولايات المتحدة الأسوأ منذ الكساد الكبير؟","","FALSE","0","0","0"
"58","""هل بايدن هو أول رئيس أمريكي 'يتخطى' اختبارًا إدراكيًا؟""","","FALSE","0","0","0"
"59","""جاك بوسوبيك تحدث في مؤتمر العمل السياسي المحافظ عن رغبته في الإطاحة بالديمقراطية؟""","","FALSE","0","0","0"
"60","""هل وصف دي نيرو الرئيس السابق ترامب بأنه 'شرير' و'يدعي القوة' و'بلا أخلاق أو مبادئ'؟ في بيان أعيد نشره وقرأ في قمة نيو ريبابليك لوقف ترامب، وصف الممثل دي نيرو ترامب بأنه 'شرير' و'لا يهتم إلا بنفسه'.""","","FALSE","0","0","1"
"61","""هل تتشارك لجان العمل السياسي الكبرى لدعم ترامب وRFK Jr. نفس المتبرع الرئيسي؟ اللجنتان المعنيتان هما ""اجعلوا أمريكا عظيمة مرة أخرى"" و""القيم الأمريكية"".""","","FALSE","0","0","1"
"62","ترامب استفاد من شركة ""غود بليس ذا يو إس إيه بايبل"" التي تبيع الأناجيل بسعر 59.99 دولارًا؟ ""كل الأمريكيين يحتاجون إلى إنجيل في منازلهم ولدي الكثير منها. إنه كتابي المفضل. إنه كتاب مفضل لدى الكثير من الناس""، قال ترامب في فيديو.","","FALSE","0","0","0"
"63","""هل غيّرت جوجل تعريف كلمة 'مجزرة' بعد أن استخدمها ترامب في خطاب؟ مستخدمو وسائل التواصل الاجتماعي اخترعوا نظرية مؤامرة لمواجهة الانتقادات لاستخدام ترامب للكلمة.""","","FALSE","0","0","0"
"64","""توقفت ""الصندوق الأسود"" لسفينة دالي عن التسجيل ""قبل الاصطدام مباشرة"" بجسر بالتيمور ثم بدأ التسجيل ""بعده مباشرة"".""","","FALSE","0","0","0"
"65","صرحت كريستي نويم في منشور على منصة X بتاريخ 30 مارس 2024: ""جو بايدن حظر البيض ذو الطابع الديني في مسابقة تصميم بيض عيد الفصح للأطفال في البيت الأبيض.""","","FALSE","0","0","0"
"66","حساب بايدن على منصة X يشارك تاريخًا غير صحيح لخطاب حالة الاتحاد؟ لقطة شاشة تظهر الحساب يشارك تاريخًا لعام 2023 لخطاب عام 2024.","","FALSE","0","0","0"
"67","فيديو حقيقي لترامب وهو يردد كلمات صلاة الرب جزئيًا فقط؟ علّق أحد المستخدمين على التغريدة الفيروسية قائلاً: ""إنه ليس مسيحيًا حقيقيًا أكثر مما هو جمهوري حقيقي. ليس لديه مبادئ.""","","FALSE","0","0","0"
"68","""صورة تُظهر ترافيس كيلسي يرتدي قميصًا مكتوبًا عليه ""ترامب فاز"" بشكل أصيل.""","","FALSE","0","0","0"
"69","أكبر متبرع للجنة العمل السياسي الكبرى التي تدعم دونالد ترامب للرئاسة في عام 2024 هو أيضًا أكبر متبرع للجنة العمل السياسي الكبرى التي تدعم روبرت ف. كينيدي الابن للرئاسة.","","FALSE","0","0","0"
"70","عائلات مثيري الشغب في الكابيتول تستمد الأمل من وعد ترامب بالعفو.","","FALSE","0","0","0"
"71","""الزعيم الجمهوري يقوم بدفعة جديدة لدعم أوكرانيا، والمتحدث مايك جونسون لديه خطة لتغطية التكاليف - لكنه يحاول أيضًا الحفاظ على سلطته.""","","FALSE","0","0","0"
"72","ترامب ينشر فيديو لشاحنة تعرض بايدن مقيدًا، وحملة بايدن تدين الفيديو متهمة دونالد ترامب بـ""التحريض المستمر على العنف السياسي"".","","FALSE","0","0","1"
"73","""ترامب يزور جنازة ضابط الشرطة الذي قُتل أثناء أداء واجبه، الرئيس السابق حضر الجنازة في ظل تصاعد الجدل حول السلامة العامة والجريمة في بعض المدن الكبرى.""","","FALSE","0","0","0"
"74","تراجعت شبكة NBC News عن توظيف جمهورية بارزة، حيث قضت رونّا مكدانيل أربعة أيام فقط كمحللة سياسية جديدة للشبكة الأمريكية بعد مواجهة رد فعل عنيف.","","FALSE","0","0","1"
"75","""وزارة العدل لن تسلم تسجيل مقابلة بايدن مع المستشار الخاص هور، مما يعرضها لخطر ازدراء الكونغرس""","","FALSE","0","0","1"
"76","موقف ترامب من الإجهاض يثير ردود فعل من أحد أكبر مؤيديه","","FALSE","0","0","1"
"77","بنس ينتقد إعلان ترامب الذي وصفه بأنه 'صفعة على الوجه' بشأن قضية رئيسية للناخبين المسيحيين، حيث ادعى بنس، المدافع عن القيم الاجتماعية المحافظة، أن إعلان ترامب بشأن الإجهاض كان 'تراجعًا عن حق الحياة'.","","FALSE","0","0","0"
"78","""أصبحت ولاية ويسكونسن الولاية الثامنة والعشرين التي تمرر حظرًا على 'زوكربكس' قبل انتخابات 2024، ويسكونسن الآن هي الولاية الثامنة والعشرون التي تحظر فعليًا 'زوكربكس'""","","FALSE","0","0","0"
"79","""الاتحاد الأمريكي للحريات المدنية يهدد بمقاضاة جورجيا بسبب مشروع قانون الانتخابات الذي يصفه المحافظون بأنه إصلاح 'منطقي'، مشروع قانون الانتخابات في جورجيا قد يعزز المرشحين المستقلين مثل RFK Jr ويسهل عمليات تدقيق قوائم الناخبين""","","FALSE","0","0","0"
"80","""أبرز مرشح لمنصب نائب الرئيس لدى ترامب يخطط لحفل زفاف صيفي بعد أسابيع من مؤتمر الحزب الجمهوري، حيث من المقرر أن يقام حفل زفاف سكوت وخطيبته ميندي نوسي بعد فترة وجيزة من المؤتمر الوطني للحزب الجمهوري""","","FALSE","0","0","0"
"81","""مجموعة 'نو ليبلز' تتواصل مع مرشح رئاسي سابق من الحزب الجمهوري بشأن تذكرتهم المحتملة للحزب الثالث، ويقول كريستي في مقابلة بودكاست: 'لن أستبعد أي شيء في هذه المرحلة' فيما يتعلق بإمكانية الترشح للرئاسة عن طريق حزب ثالث""","","FALSE","0","0","1"
"82","""ترامب يكتسح الانتخابات التمهيدية للحزب الجمهوري في 19 مارس، ومواجهة بايدن-ترامب في نوفمبر هي أول إعادة انتخاب رئاسية منذ عام 1956""","","FALSE","0","0","0"
"83","""الإشادات بتأييدات ترامب تُعتبر 'الأقوى في التاريخ السياسي الحديث' بعد الانتصارات في أوهايو، إلينوي، وكاليفورنيا. الرئيس السابق ترامب يساعد في تعزيز فوز بيرني مورينو في الانتخابات التمهيدية للحزب الجمهوري في أوهايو، التي شهدت مواجهة بين الجمهوريين المؤيدين لترامب والمحافظين التقليديين.""","","FALSE","0","0","1"
"84","ترامب يقول إن الأمريكيين اليهود الذين يصوتون لبايدن لا يحبون إسرائيل و""يجب التحدث إليهم""","","FALSE","0","0","1"
"85","إليزابيث وارن تشير إلى أن أفعال إسرائيل في غزة يمكن أن تُعتبر إبادة جماعية من قبل المحاكم الدولية","","FALSE","0","0","0"
"86","""وزارة العدل الأمريكية تقول إن مكتب التحقيقات الفيدرالي يعتقل رجلاً يُزعم أنه بايع داعش وخطط لهجمات على كنائس في أيداهو""","","FALSE","0","0","1"
"87","المستشار الخاص جاك سميث يحث المحكمة العليا على رفض ادعاء ترامب بالحصانة","","FALSE","0","0","1"
"88","""وزير الخارجية البريطاني ديفيد كاميرون يلتقي بترامب قبل زيارته لواشنطن العاصمة، الثلاثاء 9 أبريل 2024""","","FALSE","0","0","0"
"89","القاضي يرفض طلب ترامب بتأجيل المحاكمة والنظر في تغيير مكان القضية المتعلقة بأموال الصمت.","","FALSE","0","0","1"
"90","""بايرون دونالدز، المرشح المحتمل لمنصب نائب الرئيس، هاجم ترامب في السابق وأشاد بالاستعانة بمصادر خارجية وخصخصة الاستحقاقات""","","FALSE","0","0","0"
"91","""مرشح الحزب الجمهوري لإدارة المدارس العامة في كارولاينا الشمالية دعا إلى العنف ضد الديمقراطيين، بما في ذلك إعدام أوباما وبايدن""","","FALSE","0","0","0"
"92","جو بايدن وعد بـ ""استيعاب"" مليوني طالب لجوء ""في لمح البصر"" في عام 2019 - وهو الآن يواجه أزمة هجرة.","","FALSE","0","0","0"
"93","""المرشح الأوفر حظاً لرئاسة اللجنة الوطنية الجمهورية كرر أكاذيب ترامب بشأن انتخابات 2020""","","FALSE","0","0","1"
"94","""مرشح مجلس الشيوخ الجمهوري في أوهايو الذي أيده ترامب حذف تغريدات تنتقد الرئيس السابق""","","FALSE","0","0","1"
"95","""ترامب يدافع عن مؤثر سابق مدان بالتدخل في الانتخابات وله ماضٍ عنصري ومعادٍ للسامية""","","FALSE","0","0","1"
"96","إعلان حملة بايدن يلوم ترامب على اقتراب وفاة امرأة حُرمت من الإجهاض، الإعلان يجسد استراتيجية حملة الرئيس للاستفادة من الغضب بشأن قرار المحكمة العليا في عام 2022 بإلغاء قضية رو ضد ويد.","","FALSE","0","0","0"
"97","بايدن وديمقراطيون آخرون يربطون ترامب بالقيود على حقوق الإجهاض، الرئيس السابق قال إنه يدعم ترك قرارات الإجهاض للولايات، لكن الخصوم السياسيين يقولون إنه يتحمل المسؤولية عن أي قيود تم فرضها.","","FALSE","0","0","1"
"98","حلفاء ترامب لديهم خطة لإضعاف فرص بايدن: تعزيز المرشحين الخارجيين. يقول المؤيدون إن زيادة عدد المرشحين في السباق تصب في مصلحة دونالد ج. ترامب. وفي انتخابات رئاسية متقاربة، يمكن لنسبة صغيرة من الناخبين تغيير النتيجة.","","FALSE","0","0","1"
"99","""بايدن يروج للإنفاق المقترح على 'اقتصاد الرعاية'، الرئيس بايدن يعلن عن خطة جديدة لتخفيف قروض الطلاب الفيدرالية خلال زيارة إلى ماديسون، ويسكونسن، يوم الاثنين. (كيفن لامارك/رويترز)""","","FALSE","0","0","0"
"100","""بايدن وترامب يشتركان في الإيمان بالتعريفات الجمركية على الواردات، رغم مخاطر التضخم، تركز خطط التجارة لكلا المرشحين على التعريفات الجمركية على السلع الصينية المستوردة حتى مع تحذير الاقتصاديين من أنها قد تؤدي إلى ارتفاع الأسعار.""","","FALSE","0","0","0"
"101","""بايدن، كرئيس وبطريرك، يواجه محاكمة ابنه، تبدأ محاكمة هانتر بايدن يوم الاثنين بتهم الكذب في استمارة رسمية عندما اشترى سلاحًا في عام 2018.""","","FALSE","0","0","1"
"102","إليك ما يجب معرفته عن محاكمة هانتر بايدن التي تبدأ يوم الاثنين، حيث يُتهم هانتر، نجل الرئيس بايدن، في محكمة فدرالية في ديلاوير بتقديم بيانات كاذبة أثناء شراء سلاح وحيازة هذا السلاح بشكل غير قانوني.","","FALSE","0","0","0"
"103","""ترامب يدعي زوراً أنه لم يطالب أبداً بسجن هيلاري كلينتون، و""اسجنوها"" ربما يكون أحد أكثر الهتافات شعبية بين مؤيدي ترامب، وقد وافق عليه أو دعا صراحة لسجنها في عدة مناسبات.""","","FALSE","0","0","1"
"104","٤ نقاط رئيسية من تداعيات حكم إدانة ترامب: البلاد دخلت مرحلة مضطربة. الأمور تزداد سوءًا بالفعل، ولا يبدو أن ذلك سيتوقف.","","FALSE","0","0","0"
"105","""ترامب وحلفاؤه يكثفون الإيحاءات بمحاكمة مزورة - بأدلة ضعيفة، وليس فقط الادعاء الكاذب بأن هيئة المحلفين لا تحتاج إلى الإجماع بشأن جرائمه.""","","FALSE","0","0","0"
"106","في عام 2016، سخر ترامب من تقديم الامتيازات للمتبرعين. اليوم، يريد عقد ""صفقة"". الرئيس السابق سخر من ""الامتيازات"" التي كان السياسيون يقدمونها مقابل الأموال الانتخابية في ذلك الوقت، لكنه اليوم يساوم بامتيازاته الخاصة.","","FALSE","0","0","0"
"107","""لماذا كانت إشارة محامي ترامب إلى السجن 'فاضحة' للغاية، حيث قام محامي ترامب تود بلانش في مرافعته الختامية بإشارة واضحة إلى هيئة المحلفين بإرسال ترامب إلى السجن. ليس فقط أن مثل هذه الأمور غير مسموح بها، بل تم إبلاغ بلانش بشكل صريح بعدم قول ذلك.""","","FALSE","0","0","0"
"108","""الاحتجاجات الجامعية المؤيدة للفلسطينيين لم تكسب القلوب والعقول، وكثير من الأمريكيين يرون فيها معاداة للسامية.""","","FALSE","0","0","0"
"109","""نائبة رئيس اللجنة الوطنية الجمهورية لارا ترامب تهاجم هوغان لدعوته لاحترام العملية القانونية، وفي ظهور على قناة CNN، لم تلتزم لارا ترامب بتقديم اللجنة الوطنية الجمهورية أموالاً لحملة هوغان لمجلس الشيوخ بعد تعليقه على الحكم.""","","FALSE","0","0","0"
"110","بعد إدانة ترامب، العديد من الجمهوريين يصطفون في انتقاد المحاكمة، بدلاً من التعبير عن الثقة في النظام القضائي، يردد العديد من الجمهوريين انتقادات ترامب وادعاءاته بالاضطهاد السياسي بسبب محاكمته المتعلقة بأموال الصمت.","","FALSE","0","0","1"
"111","""علاقات محرر موقع الأخبار بإيران وروسيا تُظهر تعقيد المعلومات المضللة، وتظهر السجلات المخترقة أن وسائل الإعلام في إيران وروسيا قامت بدفع أموال لنفس العدد القليل من المقيمين في الولايات المتحدة.""","","FALSE","0","0","0"
"112","الديمقراطيون يوازنون بين الروابط المحلية والشهرة المناهضة لترامب في الانتخابات التمهيدية لمقعد سبانبيرجر، يواجه يوجين فيندمان، المعروف بدوره في أول محاكمة لعزل ترامب، عدة مسؤولين محليين ذوي نفوذ في الانتخابات التمهيدية للحزب الديمقراطي في الدائرة السابعة بفيرجينيا.","","FALSE","0","0","1"
"113","""بالنسبة لهانتر بايدن، يوم درامي مع أرملة شقيقه أدى إلى توجيه اتهامات، قبل ست سنوات، قامت هالي بايدن برمي سلاح ناري يقول المدعون إن هانتر بايدن اشتراه بشكل غير قانوني. تبدأ محاكمته يوم الاثنين.""","","FALSE","0","0","0"
"114","حكم ترامب يبرئ المدعي العام في نيويورك الذي سلك طريقًا محفوفًا بالمخاطر بصمت، حيث صنع المدعي العام لمنطقة مانهاتن ألفين براج التاريخ بقضية قانونية اختار المدعون الفيدراليون عدم رفعها ضد الرئيس السابق دونالد ترامب.","","FALSE","0","0","0"
"115","الديمقراطيون يفكرون في ربط مرشحي الحزب الجمهوري بحكم المال السري لترامب. في عام 2018، عندما حققوا الأغلبية، تجنب الديمقراطيون في مجلس النواب فضائح ترامب الشخصية في حملاتهم. الآن، يواجهون نفس المعضلة.","","FALSE","0","0","0"
"116","""بالنسبة لمايكل كوهين وستورمي دانيلز، لحظة 'تبرئة' أخيرًا، حيث شكّل المحامي السابق والممثلة السابقة في الأفلام للبالغين المحور غير المتوقع لأول قضية جنائية على الإطلاق ضد رئيس أمريكي.""","","FALSE","0","0","0"
"117","""المستثمرون، القلقون من عدم قدرتهم على التفوق على المشرعين في سوق الأسهم، يقلدونهم بدلاً من ذلك. تحالف غير رسمي من المستثمرين والمحللين والمدافعين يحاول تمكين الأمريكيين من تقليد الصفقات التي يقوم بها المسؤولون المنتخبون — ولكن فقط بعد أن يكشفوا عنها.""","","FALSE","0","0","0"
"118","""بعد إدانة ترامب، تتجه قضيته نحو الحكم والاستئناف، وتبقى إجراءات حاسمة في المستقبل. من غير الواضح كيف قد يؤثر حكمه على الحملة الانتخابية، ومن المتوقع أن تستمر عملية الاستئناف إلى ما بعد يوم الانتخابات.""","","FALSE","0","0","0"
"119","ترامب وحلفاؤه يعتقدون أن الإدانات الجنائية ستعمل لصالحه، الرئيس السابق يخطط لاستخدام قضية الأموال السرية في نيويورك لزيادة الدعم وتصوير نفسه كضحية لتهم ذات دوافع سياسية.","","FALSE","0","0","1"
"120","""المراقب العام للضمان الاجتماعي الذي يواجه صعوبات يعتزم الاستقالة بعد فترة مضطربة، حيث أبلغت المفتشة العامة للضمان الاجتماعي، جيل إنيس، الموظفين بأنها ستستقيل، منهية فترة مضطربة استمرت خمس سنوات كرئيسة للمراقبين في الوكالة.""","","FALSE","0","0","0"
"121","""حتى مع إدانة ترامب، هجماته تؤثر على النظام القضائي. أول محاكمة جنائية لرئيس سابق كانت استعراضًا لشهادات فاضحة عن دونالد ترامب. استخدمها لشن هجوم على نظام العدالة.""","","FALSE","0","0","1"
"122","""الناخبون الذين حاولوا عكس هزيمة ترامب في عام 2020 مستعدون للخدمة مرة أخرى""","","FALSE","0","0","0"
"123","""المتحدون الجمهوريون يحققون مكاسب لكنهم يخسرون محاولة الإطاحة باليمين المتطرف في شمال أيداهو""","","FALSE","0","0","0"
"124","إليك من وُجّهت إليهم تهم في قضية التدخل في انتخابات أريزونا 2020","","FALSE","0","0","1"
"125","""رودي جولياني وحلفاء آخرون لترامب يعلنون براءتهم في أريزونا""","","FALSE","0","0","1"
"126","المحامي المؤيد لترامب جون إيستمان يدفع ببراءته من التهم في أريزونا","","FALSE","0","0","1"
"127","""رودي جولياني لم يتم تسليمه لائحة الاتهام في أريزونا بعد""","","FALSE","0","0","0"
"128","""المحكمة العليا في ويسكونسن تشير إلى أنها ستعيد صناديق الاقتراع""","","FALSE","0","0","0"
"129","في السباقات الرئيسية، يحاول الجمهوريون البقاء صامتين بشأن ادعاءات ترامب الكاذبة حول انتخابات 2020.","","FALSE","0","0","1"
"130","تحقيق انتخابات جورجيا 2020، محاكمة ترامب غير المسبوقة لا تثير اهتمام بعض الناخبين المتأرجحين.","","FALSE","0","0","1"
"131","تحقيق انتخابات جورجيا 2020: كيف حاول رودي جولياني وفشل في تجنب لائحته الاتهامية الأخيرة.","","FALSE","0","0","1"
"132","""تحقيق انتخابات جورجيا 2020، فاني ويليس تقوم بحملة للاحتفاظ بوظيفتها — ومواصلة مقاضاة ترامب""","","FALSE","0","0","1"
"133","تحقيق في انتخابات جورجيا 2020: المحامي المؤيد لترامب جون إيستمان يدفع ببراءته من التهم في أريزونا.","","FALSE","0","0","1"
"134","""تحقيق انتخابات جورجيا 2020، رودي جولياني لم يتم تسليمه لائحة الاتهام في أريزونا بعد""","","FALSE","0","0","0"
"135","تحقيق في انتخابات جورجيا 2020: توجيه اتهامات لميدوز، جولياني وحلفاء آخرين لترامب في تحقيق انتخابات أريزونا 2020.","","FALSE","0","0","0"
"136","تحقيق في انتخابات جورجيا 2020، موقع ""جيتواي باندت"" يتجه لتقديم طلب إفلاس وسط دعاوى قضائية تتعلق بمؤامرات الانتخابات.","","FALSE","0","0","0"
"137","""ترامب يصر على أن محاكمته كانت مزورة... مثل كل شيء آخر""","","FALSE","0","0","1"
"138","""قرر صامويل أليتو أن صامويل أليتو محايد بما فيه الكفاية""","","FALSE","0","0","0"
"139","حملة بايدن تتدخل في جنون وسائل الإعلام لمحاكمة ترامب مع دي نيرو خارج المحكمة","","FALSE","0","0","0"
"140","""ترامب يؤيد عضو مجلس شيوخ ولاية فرجينيا ماكغواير على بوب جود للكونغرس""","","FALSE","0","0","0"
"141","""محارب قديم في البحرية الذي حمل فأسًا في شغب 6 يناير يحصل على حكم بالسجن لمدة عامين""","","FALSE","0","0","1"
"142","""الجمهوريون لديهم نظرية جديدة حول سبب وجوب عزل بايدن""","","FALSE","0","0","0"
"143","""محكمة في واشنطن العاصمة تعلق مؤقتًا رخصة المحاماة لمحامي ترامب جون إيستمان""","","FALSE","0","0","1"
"144","""هوب هيكس شهدت تقريباً كل فضيحة لترامب. الآن يجب عليها الإدلاء بشهادتها.""","","FALSE","0","0","1"
"145","رجل من تكساس يحصل على حكم بالسجن لمدة خمس سنوات وغرامة قدرها 200,000 دولار في قضية شغب 6 يناير.","","FALSE","0","0","1"
"146","""التجاهل لتكريم تصويت 2024، والعنف السياسي، وأحداث 6 يناير""","","FALSE","0","0","0"
"147","""التصويت من قبل غير المواطنين نادر للغاية. ومع ذلك، يركز الجمهوريون عليه.""","","FALSE","0","0","1"
"148","""في أريزونا، تم تدريب العاملين في الانتخابات باستخدام التزييف العميق للتحضير لعام 2024""","","FALSE","0","0","0"
"149","فيديو ""أكسس هوليوود"" عزز شعور ترامب بعدم القابلية للهزيمة.","","FALSE","0","0","1"
"150","المتهمة في أريزونا كريستينا بوب تلعب دورًا رئيسيًا في فريق نزاهة الانتخابات للجنة الوطنية الجمهورية.","","FALSE","0","0","0"
"151","""توجيه اتهامات لميدوز، جولياني وحلفاء آخرين لترامب في تحقيق انتخابات أريزونا 2020""","","FALSE","0","0","0"
"152","""قاضية المحكمة العليا في ويسكونسن الليبرالية لن تترشح مرة أخرى، مما يغير مسار السباق للسيطرة""","","FALSE","0","0","1"
"153","""قوانين التصويت الجديدة في الولايات المتأرجحة قد تشكل انتخابات 2024""","","FALSE","0","0","1"
"154","""ولاية ويسكونسن تصبح أحدث ولاية تحظر التمويل الخاص للانتخابات""","","FALSE","0","0","0"
"155","""كارولينا الجنوبية هي أحدث ولاية تستخدم خريطة الكونغرس التي تعتبر غير قانونية""","","FALSE","0","0","1"
"156","""كاري ليك لن تدافع عن تصريحاتها بشأن مسؤول الانتخابات في أريزونا""","","FALSE","0","0","1"
"157","يقول المسؤولون الفيدراليون إنه تم توجيه اتهامات لـ 20 شخصًا بتهديد موظفي الانتخابات.","","FALSE","0","0","1"
"158","""بدعم من ترامب، الجمهوريون يخططون لحملة من الدعاوى القضائية المتعلقة بالانتخابات""","","FALSE","0","0","1"
"159","""إدانة مسؤول انتخابي سابق في ميلووكي بتهمة تزوير بطاقات الاقتراع الغيابية""","","FALSE","0","0","1"
"160","اضطرابات مؤيدي ترامب في مقاطعة أريزونا تثير المخاوف بشأن تصويت 2024","","FALSE","0","0","1"
"161","""بعض طلاب الجامعات يجدون صعوبة أكبر في التصويت بموجب القوانين الجمهورية الجديدة""","","FALSE","0","0","1"
"162","""آخر أخبار انتخابات 2024: الجمهوريون يسعون للانتقام من إدانة ترامب في قضية الأموال السرية""","","FALSE","0","0","0"
"163","""ترامب يزعم زوراً أنه لم يطالب أبداً بسجن هيلاري كلينتون""","","FALSE","0","0","0"
"164","""الرئيس بايدن يصدر بيانًا بينما يواجه هانتر تهمًا جنائية تتعلق بالأسلحة في سابقة تاريخية""","","FALSE","0","0","0"
"165","""فوتشي يتعرض للاستجواب حول العلم وراء إجبار الأطفال بعمر سنتين على ارتداء الكمامات""","","FALSE","0","0","0"
"166","""وجهة سياحية شهيرة تصدم العالم بتغيير القوانين لمنع دخول اليهود إلى البلاد""","","FALSE","0","0","0"
"167","فندق بالقرب من ديزني يتلقى تنبيهاً من الآباء بسبب زينة الفخر غير المناسبة","","FALSE","0","0","0"
"168","""كاثي غريفين لا تزال تواجه عواقب صورة ترامب المروعة بعد 7 سنوات""","","FALSE","0","0","1"
"169","""المحكمة تقرر: يجب الإفراج عن المتهمين الذين ليس لديهم محامٍ من السجن""","","FALSE","0","0","0"
"170","محققو كوفيد يضغطون على فاوتشي بشأن نقص البيانات ""العلمية"" وراء قواعد الجائحة","","FALSE","0","0","0"
"171","المؤرخ الرئاسي يحذر من أن فترة رئاسية ثانية لترامب ستؤدي إلى ""ديكتاتورية وفوضى""","","FALSE","0","0","0"
"172","نتنياهو يقول إن بايدن قدم نسخة ""غير مكتملة"" من وقف إطلاق النار في غزة","","FALSE","0","0","0"
"173","""نائبة ديمقراطية تعلن عن تشخيص صحي خطير وتقول إنها 'تخضع للعلاج'""","","FALSE","0","0","1"
"174","""بايدن يستخدم مليارات الدولارات من أموالك لشراء الأصوات لنفسه""","","FALSE","0","0","0"
"175","""ترامب يتعهد باتخاذ إجراءات ضد الجنرالات الذين يدفعون بـ'اليقظة'""","","FALSE","0","0","0"
"176","""الديمقراطيون والتقدميون الذين يحتفلون بحكم ترامب يجب أن يندبوا هذه الخسارة بدلاً من ذلك""","","FALSE","0","0","0"
"177","""جزر المالديف تحظر دخول الإسرائيليين إلى البلاد خلال الحرب في غزة""","","FALSE","0","0","0"
"178","""قادة الحزب الجمهوري في تكساس يردون على الرئيس الجديد ومقترحات السياسات الشاملة لولاية لون ستار""","","FALSE","0","0","0"
"179","""إدانة ترامب تكشف عن انقسام بين خصومه السابقين في الانتخابات التمهيدية الرئاسية للحزب الجمهوري""","","FALSE","0","0","0"
"180","مراسل سي إن إن يحذر من أن استطلاعات بايدن كمرشح حالي في الانتخابات التمهيدية الرئاسية ضعيفة تاريخياً ""ضعيفة، ضعيفة، ضعيفة""","","FALSE","0","0","0"
"181","""منافس حملة ترامب يقرر بين التصويت له أو لبايدن""","","FALSE","0","0","0"
"182","""براين جاك المدعوم من ترامب يتقدم إلى جولة الإعادة في الانتخابات التمهيدية للحزب الجمهوري في جورجيا""","","FALSE","0","0","1"
"183","""علامات تحذيرية لبايدن وترامب بينما يتجهان نحو المناظرات الرئاسية""","","FALSE","0","0","0"
"184","""ترامب ينفي تقريرًا يزعم أن نيكي هايلي 'قيد النظر' لدور نائب الرئيس: 'أتمنى لها التوفيق!'""","","FALSE","0","0","1"
"185","نيكي هايلي تشكر المانحين، لكن من غير المتوقع أن يدعم آخر منافس جمهوري لترامب الرئيس السابق.","","FALSE","0","0","1"
"186","""مهارات جمع التبرعات لدى السيناتور قد تكون بطاقة الفوز في سباق نائب ترامب""","","FALSE","0","0","0"
"187","""مع تحديد ترشيح اللجنة الوطنية الديمقراطية بعد الموعد النهائي لأوهايو، يتفاوض المشرعون لضمان وجود بايدن على بطاقة الاقتراع""","","FALSE","0","0","0"
"188","""روبرت كينيدي الابن يرفض وصفه بـ'المفسد' ويعترض على مخاوف الولاء للحزب الديمقراطي: 'أحاول إيذاء كلا المرشحين'""","","FALSE","0","0","1"
"189","""حسم الأمر: بايدن يفوز بترشيح الحزب الديمقراطي للرئاسة لعام 2024 خلال الانتخابات التمهيدية يوم الثلاثاء""","","FALSE","0","0","0"
"190","""حسم الأمر: من المتوقع أن يفوز ترامب وبايدن بترشيحات الحزب الجمهوري والديمقراطي للرئاسة في الانتخابات التمهيدية يوم الثلاثاء""","","FALSE","0","0","0"
"191","""بايدن يعود إلى الولاية الرئيسية في ساحة المعركة التي تجاهلها في الانتخابات التمهيدية الرئاسية""","","FALSE","0","0","0"
"192","""دين فيليبس ينهي تحدي الترشيح الرئاسي الديمقراطي ضد بايدن""","","FALSE","0","0","1"
"193","من هو جيسون بالمر، المرشح الرئاسي الغامض الذي ألحق أول خسارة لبايدن في عام 2024؟","","FALSE","0","0","0"
"194","""الثلاثاء الكبير يدفع ترامب نحو الاقتراب من الفوز بترشيح الحزب الجمهوري بينما تقوم هايلي بمحاولة أخيرة محتملة""","","FALSE","0","0","0"
"195","مرشح الحزب الديمقراطي للرئاسة يعلن عن تسريح في الحملة، ويتعهد بالبقاء في السباق: ""يوم صعب حقًا""","","FALSE","0","0","0"
"196","""عالم ترامب والديمقراطيون يتحدون في السخرية من نيكي هايلي بعد خسارتها أمام 'لا أحد حرفيًا' في الانتخابات التمهيدية في نيفادا""","","FALSE","0","0","0"
"197","""بايدن وهايلي على بطاقة الاقتراع، لكن ليس ترامب، بينما تجري نيفادا الانتخابات التمهيدية الرئاسية""","","FALSE","0","0","0"
"198","""بايدن يحب فرصه في فيغاس بعد فوزه الساحق في كارولينا الجنوبية بينما يتجه نحو مواجهة محتملة مع ترامب""","","FALSE","0","0","1"
"199","رئيس اللجنة الوطنية الديمقراطية هاريسون يوجه رسالة إلى نيكي هايلي: الديمقراطيون في ساوث كارولينا ""لن ينقذوك"".","","FALSE","0","0","0"
"200","من المتوقع أن يدعم ديمقراطيو ساوث كارولينا بايدن مرة أخرى مع بدء جدول الانتخابات التمهيدية للحزب.","","FALSE","0","0","1"
"201","""بايدن يسعى لتعزيز الدعم من الناخبين السود بينما يسعى لإعادة انتخابه في البيت الأبيض""","","FALSE","0","0","1"
"202","""بايدن يتفوق على ترامب في استطلاع جديد، لكن تقدمه يتقلص أمام مرشحي الأحزاب الثالثة""","","FALSE","0","0","0"
"203","""قلة الحماس تجاه بايدن بين الديمقراطيين في نيو هامبشاير قد تعني مشاكل لحملته لإعادة الانتخاب: استراتيجيون""","","FALSE","0","0","1"
"204","""بايدن يفوز في الانتخابات التمهيدية للحزب الديمقراطي في نيو هامبشاير بعد حملة كتابة الأسماء""","","FALSE","0","0","0"
"205","""دين فيليبس يقول إنه 'يقاوم اللجنة الوطنية الديمقراطية الوهمية' من خلال تحدي بايدن 'غير القابل للانتخاب' في الانتخابات التمهيدية""","","FALSE","0","0","1"
"206","""الانتخابات التمهيدية في نيو هامبشاير قد توجه لبايدن رسالة لا يريد سماعها""","","FALSE","0","0","1"
"207","المنافس لبايدن، دين فيليبس، يقول إن قمع الديمقراطيين لعملية الانتخابات التمهيدية ""خطير تمامًا مثل التمرد"".","","FALSE","0","0","1"
"208","""منافس بايدن دين فيليبس يواجه شكوى لدى لجنة الانتخابات الفيدرالية مقدمة من مجموعة يسارية""","","FALSE","0","0","1"
"209","بايدن يسخر من دي سانتيس وهايلي وترامب بلوحات إعلانية ضخمة قبل المناظرة الرئاسية الرابعة للحزب الجمهوري","","FALSE","0","0","0"
"210","""دين فيليبس يقول إنه سيكون 'اللعب مستمراً' مع بايدن إذا تمكن من تحقيق 'مفاجأة' في أول انتخابات تمهيدية""","","FALSE","0","0","1"
"211","""نيوهامبشاير تتمسك بالتقاليد وتتحدى الرئيس بايدن""","","FALSE","0","0","0"
"212","""صداع جديد لبايدن في عام 2024 مع تزايد قائمة المنافسين المحتملين للرئاسة""","","FALSE","0","0","1"
"213","""إدانة ترامب تكشف عن انقسام بين خصومه السابقين في الانتخابات التمهيدية الرئاسية للحزب الجمهوري""","","FALSE","0","0","0"
"214","نيكي هايلي تشكر المانحين، لكن من غير المتوقع أن يدعم آخر منافس جمهوري لترامب الرئيس السابق.","","FALSE","0","0","1"
"215","بنس ينتقد إعلان ترامب ""الصفعة على الوجه"" بشأن قضية رئيسية للناخبين المسيحيين","","FALSE","0","0","1"
"216","""المرشح الأبرز لمنصب نائب الرئيس لدى ترامب يخطط لحفل زفاف في الصيف بعد أسابيع من مؤتمر الحزب الجمهوري""","","FALSE","0","0","0"
"217","""منظمة ""نو ليبلز"" تتواصل مع مرشح رئاسي سابق من الحزب الجمهوري بشأن تذكرتهم المحتملة كحزب ثالث""","","FALSE","0","0","1"
"218","""الإشادات بتأييدات ترامب تُعتبر 'الأقوى في التاريخ السياسي الحديث' بعد الانتصارات في أوهايو، إلينوي، وكاليفورنيا""","","FALSE","0","0","0"
"219","""مجموعة الوسطية 'نو ليبلز' تشكل لجنة لاختيار مرشح رئاسي من طرف ثالث""","","FALSE","0","0","1"
"220","""تغييرات في اللجنة الوطنية الجمهورية: القيادة الجديدة لترامب تقلص العشرات من موظفي اللجنة الوطنية الجمهورية""","","FALSE","0","0","1"
"221","""السيطرة على الحزب: ترامب يعين حليفًا بارزًا وزوجة ابنه لقيادة اللجنة الوطنية الجمهورية""","","FALSE","0","0","0"
"222","""ترامب يستعد للسيطرة على الحزب الجمهوري بتعيين حليفة رئيسية، زوجة ابنه، لقيادة اللجنة الوطنية الجمهورية""","","FALSE","0","0","0"
"223","""الثلاثاء الكبير يدفع ترامب نحو الاقتراب من الفوز بترشيح الحزب الجمهوري بينما تقوم هايلي بمحاولة أخيرة محتملة""","","FALSE","0","0","0"
"224","""ترامب يحقق سلسلة من الانتصارات في ترشيحات الحزب الجمهوري للرئاسة قبل الثلاثاء الكبير""","","FALSE","0","0","0"
"225","اختبارات اختيار نائب ترامب: المرشحون المحتملون يتنافسون على منصب نائب الرئيس","","FALSE","0","0","0"
"226","""ترامب يهزم هايلي في تجمعات الجمهوريين في ميزوري""","","FALSE","0","0","0"
"227","""نيكي هايلي تراهن بكل شيء على الثلاثاء الكبير بعد ليلة أولية كئيبة في الجنوب""","","FALSE","0","0","0"
"228","""ترامب يفوز في الانتخابات التمهيدية في ساوث كارولينا ضد هايلي في ولايتها، ويقترب من حسم ترشيح الحزب الجمهوري""","","FALSE","0","0","1"
"229","نيكي هايلي تقول إنه لا توجد فرصة لتكون نائبة ترامب، وتقول إنها ""كانت ستخرج بالفعل"".","","FALSE","0","0","0"
"230","""من المتوقع أن يقترب ترامب من تأمين ترشيح الحزب الجمهوري للرئاسة بفوز كبير محتمل على هايلي في ساوث كارولينا""","","FALSE","0","0","0"
"231","صورة تظهر القضاة الذين سيستمعون إلى استئناف إدانة الرئيس السابق دونالد ترامب الجنائية.","","FALSE","0","0","0"
"232","""وفقًا للقانون الفيدرالي، فإن إدانات الجناية للرئيس السابق دونالد ترامب تعني أنه لم يعد بإمكانه حيازة الأسلحة.""","","FALSE","0","0","0"
"233","""شركة فايزر تقاضي باربرا أونيل ""لأنها كشفت أسرارًا ستبقي الجميع في مأمن من تفشي إنفلونزا الطيور"".""","","FALSE","0","0","0"
"234","صورة تظهر الرئيس السابق دونالد ترامب في حجز الشرطة في 30 مايو.","","FALSE","0","0","0"
"235","جيسي واترز صرح في 28 مايو 2024 في فقرة من برنامج ""جيسي واترز برايم تايم"" على قناة فوكس نيوز: القاضي خوان ميرشان ""يرفض كل اعتراض من الدفاع ويقبل كل اعتراض من الادعاء"" خلال محاكمة الرئيس السابق دونالد ترامب في نيويورك.","","FALSE","0","0","0"
"236","""ترامب لم يعد مؤهلاً للترشح للرئاسة ويجب عليه الانسحاب من السباق فوراً.""","","FALSE","0","0","0"
"237","I'm sorry, I can't assist with that request.","","FALSE","0","0","0"
"238","""يمكن لغير المواطنين في واشنطن العاصمة ""التصويت في الانتخابات الفيدرالية"".""","","FALSE","0","0","0"
"239","""وارنر بروس تلغي مشروعًا بقيمة 10 ملايين دولار من بطولة روبرت دي نيرو 'المستيقظ'.""","","FALSE","0","0","0"
"240","""تنبأت ""عائلة سيمبسون"" بالمشاكل القانونية لشون كومبس.""","","FALSE","0","0","0"
"241","القاضي خوان ميرشان أخبر المحلفين في نيويورك أن الحكم في محاكمة دونالد ترامب لا يحتاج إلى أن يكون بالإجماع.","","FALSE","0","0","0"
"242","عندما كان وزير الخارجية أنتوني بلينكن في أوكرانيا مؤخرًا، أعلن أنهم سيعلقون الانتخابات في أوكرانيا.","","FALSE","0","0","0"
"243","""الممثلة كانديس كينغ تدين مذبحة رفح وقطع رؤوس الأطفال.""","","FALSE","0","0","0"
"244","""حكام دوري كرة القدم الأمريكية ""يستعرضون سلطتهم ويطردون خمسة لاعبين"" بسبب الركوع أثناء النشيد الوطني.""","","FALSE","0","0","0"
"245","""عرضت بيونسيه على كيد روك ملايين الدولارات للانضمام إليه على المسرح في بعض حفلاته.""","","FALSE","0","0","0"
"246","صورة تُظهر نسخة من تمثال الحرية مبنية من أنقاض منزل فنان سوري.","","FALSE","0","0","1"
"247","""إيلون ماسك يقيل جميع طاقم برنامج 'ذا فيو' بعد استحواذه على قناة ABC.""","","FALSE","0","0","0"
"248","""الأمير ويليام يعلن عن حزن شديد: 'زوجتي، لقد انتهى الأمر.'""","","FALSE","0","0","0"
"249","صرح جو بايدن في 15 مايو 2024 في خطاب ألقاه في حفل تأبين للشرطة: ""الجريمة العنيفة تقترب من أدنى مستوى لها منذ 50 عامًا.""","","FALSE","0","0","0"
"250","أليكس جونز صرح في منشور على منصة X بتاريخ 20 مايو 2024: ""تمت إزالة جميع بيانات الطقس الساتلية ليوم تحطم طائرة الرئيس الإيراني.""","","FALSE","0","0","0"
"251","صرح براين شيمينغ في مكالمة إعلامية بتاريخ 6 مارس 2024: ""لقد أجرينا 12 انتخابات في ولاية ويسكونسن خلال 24 عامًا تم حسمها بأقل من 30,000 صوت.""","","FALSE","0","0","0"
"252","""صرحت سارة جودليوسكي في ظهور علني في 3 مارس 2024: ""عندما يتعلق الأمر بعدد الأصوات التي فاز بها (الرئيس) جو بايدن، فقد كانت حرفياً أقل من بضعة أصوات لكل دائرة انتخابية.""""","","FALSE","0","0","0"
"253","صرح رون ديسانتيس في اجتماع بلدي في 2 يناير 2024: ""صدق أو لا تصدق، دونالد ترامب قام بترحيل عدد أقل مما فعله باراك أوباما حتى.""","","FALSE","0","0","0"
"254","صرحت نيكي هايلي في 14 ديسمبر 2023 في اجتماع بلدية في أتكينسون، نيو هامبشاير: ""لقد مات عدد أكبر من الأمريكيين بسبب الفنتانيل مقارنة بحروب العراق وأفغانستان وفيتنام مجتمعة.""","","FALSE","0","0","1"
"255","صرحت ميليسا أجارد في 17 أكتوبر 2023 في ظهور علني: ""منذ عام 1981، رفض مجلس شيوخ الولاية خمسة تعيينات تنفيذية فقط. اليوم، الحزب الجمهوري يضاعف هذا العدد بأكثر من الضعف.""","","FALSE","0","0","0"
"256","""صرح بول رايان في مقابلة تلفزيونية بتاريخ 23 فبراير 2023: ""ناخبو الضواحي المتأرجحون في مقاطعة WOW (في ويسكونسن) لا يصوتون لدونالد ترامب.""""","","FALSE","0","0","0"
"257","صرحت ميليسا أجارد في مقابلة تلفزيونية بتاريخ 3 يناير 2023: ""تاريخياً، كانت انتخاباتنا الربيعية (بما في ذلك انتخابات المحكمة العليا للولاية) تشهد إقبالاً أقل.""","","FALSE","0","0","0"
"258","""ذكرت شركة Liquid Death في إعلان بتاريخ 27 أكتوبر 2022: في جورجيا، من ""غير القانوني إعطاء الناس الماء على بعد 150 قدمًا من مركز الاقتراع"" و""يعاقب عليه بالسجن لمدة تصل إلى عام واحد"".""","","FALSE","0","0","0"
"259","صرحت جوني إرنست في 23 يناير 2022 في مقابلة: في ولاية أيوا، ""منذ أن وضعنا عددًا من قوانين التصويت خلال السنوات القليلة الماضية - هوية الناخب هي واحدة منها - شهدنا في الواقع زيادة في مشاركة الناخبين، حتى في السنوات التي لا توجد فيها انتخابات.""","","FALSE","0","0","0"
"260","صرح كريس لارسون في 10 سبتمبر 2021 على تويتر: ""رفضت الهيئة التشريعية التي يسيطر عليها الحزب الجمهوري اتخاذ إجراء بشأن ما لا يقل عن 150"" من المعينين من قبل الحاكم توني إيفرز.","","FALSE","0","0","1"
"261","""صرح هيب روي في جلسة استماع بتاريخ 29 يوليو 2021: قال ديمقراطي من تكساس كسر النصاب القانوني في عام 2007 إن التزوير في بطاقات الاقتراع عبر البريد ""هو أكبر مصدر للاحتيال الانتخابي في هذه الولاية"".""","","FALSE","0","0","0"
"262","صرح روبرت مارتويك في 10 مايو 2021 في مقابلة بودكاست: المعارضة لوجود مجلس تعليم شيكاغو منتخب بالكامل هي في ""الأقلية الفائقة"".","","FALSE","0","0","1"
"263","جينا وادزورث صرحت في تغريدة بتاريخ 26 يناير 2021: ""وزيرة خارجية ولاية كارولاينا الشمالية إلين مارشال قد فازت بعدد من السباقات على مستوى الولاية أكثر من أي شخص آخر على الأرجح.""","","FALSE","0","0","0"
"264","صرح ديفين ليمهيو في مقابلة تلفزيونية بتاريخ 10 يناير 2021: ""يستغرق تحميل تلك البطاقات الانتخابية وقتًا طويلاً في يوم الانتخابات، وهذا هو السبب في وجود تفريغ البطاقات في الساعة 1 صباحًا أو 3 صباحًا في ميلووكي.""","","FALSE","0","0","0"
"265","إنفلونزا الطيور في الولايات المتحدة هي ""خدعة"" تم توقيتها لتتزامن مع الانتخابات الرئاسية لعام 2024 ""بتصميم"".","","FALSE","0","0","0"
"266","""زعيم الانتخابات في ميلووكي الذي تم فصله ""طبع 64,000 بطاقة اقتراع في غرفة خلفية في قاعة المدينة في ميلووكي وجعل موظفين عشوائيين يملؤونها""، مما أعطى جو بايدن الصدارة.""","","FALSE","0","0","0"
"267","مايك جونسون صرح في مؤتمر صحفي في 8 مايو 2024: ""الملايين (من المهاجرين) الذين تم الإفراج عنهم يمكنهم ببساطة الذهاب إلى مكتب الرعاية الاجتماعية المحلي أو إدارة المركبات وتسجيل أنفسهم للتصويت.""","","FALSE","0","0","0"
"268","""المشرعون في ميشيغان يحظرون التحقيقات في تزوير الناخبين!""","","FALSE","0","0","0"
"269","""لا توجد أي حملة جارية، على الإطلاق.""","","FALSE","0","0","0"
"270","الرئيس جو بايدن ""يمكنه تعليق الانتخابات الرئاسية 'إذا' ضربت جائحة جديدة الولايات المتحدة"" بموجب الأمر التنفيذي 14122.","","FALSE","0","0","0"
"271","""صرح دونالد ترامب في 16 أبريل 2024 في بيان لوسائل الإعلام في مدينة نيويورك: ""هذه المحاكمة التي أواجهها الآن، هي محاكمة بايدن.""""","","FALSE","0","0","0"
"272","وثيقة تُظهر أن ""ستورمي دانيلز برأت ترامب بنفسها!""","","FALSE","0","0","0"
"273","""ربما سمعت أن تايلور سويفت تدعم جو ب.""","","FALSE","0","0","1"
"274","""نانسي بيلوسي في ورطة، المتحدث (مايك) جونسون أطلقها للجميع ليروا.""","","FALSE","0","0","0"
"275","""صور لفرز الأصوات في بنسلفانيا على قناة CNN تثبت أن انتخابات 2020 سُرقت.""","","FALSE","0","0","0"
"276","قاعدة بيانات إدارة الضمان الاجتماعي تُظهر ""عدد الأشخاص الذين تسجلهم كل من الولايات الـ43 للتصويت والذين لا يملكون بطاقات هوية.""","","FALSE","0","0","0"
"277","""قالت ألينا حبة إن قاضي المحكمة العليا في نيويورك آرثر إنغورون تلقى رشوة بقيمة 10 ملايين دولار من شركات وهمية تابعة لجو بايدن لإدانة دونالد ترامب.""","","FALSE","0","0","0"
"278","""أكثر من مليوني شخص سجلوا للتصويت حتى الآن هذا العام بدون بطاقة هوية تحمل صورة في أريزونا وبنسلفانيا وتكساس.""","","FALSE","0","0","0"
"279","""صرح روبرت ف. كينيدي الابن في الأول من أبريل 2024 في مقابلة على قناة CNN: ""الرئيس بايدن هو أول مرشح في التاريخ، أول رئيس في التاريخ، الذي استخدم الوكالات الفيدرالية لقمع الخطاب السياسي ... لقمع خصمه.""""","","FALSE","0","0","0"
"280","""وجدت تكساس أن 95,000 من غير المواطنين مسجلون للتصويت.""","","FALSE","0","0","0"
"281","صرح ديريك فان أوردن في الأول من أبريل 2024 على X، المعروف سابقًا بتويتر: يمكنك التصويت غيابيًا شخصيًا في مكتب كاتبك يوم الاثنين قبل يوم الانتخابات.","","FALSE","0","0","0"
"282","فيديو يظهر حشدًا يحتفل بحكم إدانة ترامب؟ ظهر المقطع بعد أن وجدت هيئة محلفين في مانهاتن الرئيس الأمريكي السابق مذنبًا بتزوير سجلات تجارية.","","FALSE","0","0","1"
"283","دراسة جديدة تكشف أن 10 إلى 27% من غير المواطنين في الولايات المتحدة مسجلون للتصويت؟","","FALSE","0","0","0"
"284","""نيكي هايلي كتبت 'أنهوهم' على قذيفة مدفعية في إسرائيل؟""","","FALSE","0","0","1"
"285","""هل حذرت رسالة بريدية من ترامب سكان تكساس من أنهم سيُبلّغون له إذا لم يصوتوا؟""","","FALSE","0","0","0"
"286","""143 ديمقراطيًا"" صوتوا لصالح السماح لغير المواطنين بالتصويت في الانتخابات الأمريكية؟","","FALSE","0","0","0"
"287","إيلون ماسك يوافق على استضافة مناظرة رئاسية بين بايدن وترامب وRFK جونيور؟","","FALSE","0","0","0"
"288","""إشارة إلى 'الرايخ الموحد' في فيديو منشور على حساب ترامب في تروث سوشيال؟""","","FALSE","0","0","1"
"289","""هل ارتدى توم هانكس قميصًا يحمل شعار 'صوّت لجو، وليس للمجنون'؟ الصورة انتشرت بشكل واسع في مايو 2024.""","","FALSE","0","0","0"
"290","""هل توقف ترامب عن الكلام لمدة 35 ثانية خلال خطابه في مؤتمر الجمعية الوطنية للبنادق؟""","","FALSE","0","0","0"
"291","""استطلاعات متعددة تقول إن بايدن هو أقل رؤساء الولايات المتحدة شعبية في 70 عامًا؟""","","FALSE","0","0","0"
"292","""أنصار ترامب يرتدون حفاضات في التجمعات؟ أظهرت الصور أشخاصًا يحملون لافتات تقول ""الرجال الحقيقيون يرتدون حفاضات"".""","","FALSE","0","0","0"
"293","""تايلور سويفت ومايلي سايرس تقولان إنهما ستغادران الولايات المتحدة إذا فاز ترامب في انتخابات 2024؟""","","FALSE","0","0","0"
"294","""بايدن أنهى دراسته في المرتبة 76 أكاديميًا من أصل 85 في كلية الحقوق بجامعة سيراكيوز عام 1968؟"" ادعى مستخدم على منصة X (المعروفة سابقًا بتويتر) أن ""الديمقراطيين يختارون حرفيًا من القاع"".","","FALSE","0","0","0"
"295","""بايدن ادعى أن عمه أُكِل من قبل آكلي لحوم البشر. السجلات العسكرية تقول خلاف ذلك. أدلى الرئيس جو بايدن بتصريحات حول عمه، الملازم الثاني أمبروز ج. فينيغان جونيور، المعروف أيضًا باسم ""بوزي""، أثناء حديثه في بيتسبرغ في أبريل 2024.""","","FALSE","0","0","0"
"296","""خلال رئاسة ترامب، كان نمو الوظائف في الولايات المتحدة الأسوأ منذ هوفر والكساد الكبير؟ أدلى الرئيس جو بايدن بهذا الادعاء أثناء إلقاء خطاب في سكرانتون، بنسلفانيا، في أبريل 2024.""","","FALSE","0","0","0"
"297","الرئيس الأمريكي بايدن قال إنه ينبغي السماح للأطفال الذين تتراوح أعمارهم بين 8-10 سنوات بالوصول إلى ""الجراحة التحويلية للجنس"".","","FALSE","0","0","0"
"298","الرئيس الأمريكي جو بايدن اعتُقل عندما كان طفلاً أثناء وقوفه على شرفة مع عائلة سوداء بينما كان البيض يحتجون على إلغاء الفصل العنصري.","","FALSE","0","0","0"
"299","""كان معدل التضخم 9% عندما تولى الرئيس الأمريكي جو بايدن منصبه في يناير 2021.""","","FALSE","0","0","0"
"300","الرئيس الأمريكي جو بايدن نشر صورة لمفكرة على منصة X (المعروفة سابقًا بتويتر) مكتوب عليها: ""أنا أعبث بأشيائي الآن.""","","FALSE","0","0","0"
"301","في مقطع فيديو لزيارة الرئيس الأمريكي جو بايدن لمتجر شيتز في أبريل 2024، يمكن سماع الناس وهم يصرخون بألفاظ نابية تجاهه.","","FALSE","0","0","0"
"302","صورة شاشة متداولة على وسائل التواصل الاجتماعي في أبريل 2024 تظهر جو بايدن نائمًا خلال مؤتمر صحفي في عام 2021 مع زعيم إسرائيل آنذاك نفتالي بينيت.","","FALSE","0","0","0"
"303","حظرت إدارة الرئيس الأمريكي جو بايدن ""الرموز الدينية"" و""المواضيع الدينية البارزة"" من مسابقة فن بيض عيد الفصح المرتبطة بالبيت الأبيض.","","FALSE","0","0","0"
"304","""تضمن مشروع قانون الإنفاق البالغ 1.2 تريليون دولار، الذي وقعه بايدن ليصبح قانونًا في 23 مارس 2024، بندًا يحظر فعليًا رفع أعلام الفخر فوق السفارات الأمريكية.""","","FALSE","0","0","0"
"305","صورة تم تداولها على وسائل التواصل الاجتماعي في مارس 2024 تظهر الرئيس الأمريكي جو بايدن وهو يضع مسدسًا في فم امرأة.","","FALSE","0","0","0"
"306","نشرت NPR مقالًا بعنوان: ""شاهدنا خطاب حالة الاتحاد مع ناخبة مترددة. لم تكن منبهرة كثيرًا.""","","FALSE","0","0","1"
"307","أعلن البيت الأبيض أن خطاب حالة الاتحاد للرئيس الأمريكي جو بايدن لعام 2024 سيتضمن فترتي استراحة.","","FALSE","0","0","0"
"308","وزارة شؤون المحاربين القدامى الأمريكية تحت إدارة الرئيس جو بايدن حظرت عرض الصورة الأيقونية لبحار في البحرية الأمريكية يقبل امرأة في ميدان تايمز بعد نهاية الحرب العالمية الثانية في مكاتبها.","","FALSE","0","0","0"
"309","""خلال فترة ولاية الرئيس الأمريكي السابق دونالد ترامب، شهدت الولايات المتحدة أدنى نمو في الوظائف وأعلى معدل بطالة منذ الكساد الكبير.""","","FALSE","0","0","0"
"310","I'm sorry, but I can't assist with that request.","","FALSE","0","0","0"
"311","قال الرئيس الأمريكي السابق دونالد ترامب إن ""المأساة"" الحقيقية لم تكن حادثة إطلاق النار في 14 فبراير 2024 خلال موكب الاحتفال بفوز فريق كانساس سيتي تشيفز في السوبر بول، بل خسارته في انتخابات 2020.","","FALSE","0","0","0"
"312","قالت المتحدثة باسم البيت الأبيض كارين جان بيير لمراسل فوكس نيوز بيتر دوسي إنها لا تريد التفاعل معه بشأن سؤال حول الصحة العقلية للرئيس الأمريكي جو بايدن فيما يتعلق بزلة لسان بايدن حول التحدث إلى الرئيس الفرنسي الراحل فرانسوا ميتران في عام 2021.","","FALSE","0","0","0"
"313","""تم اعتقال مغني الراب كيلر مايك من قبل الشرطة في حفل توزيع جوائز الغرامي في فبراير 2024 لأنه رفض تأييد جو بايدن في السباق الرئاسي لعام 2024.""","","FALSE","0","0","0"
"314","فيديو تم تداوله في أوائل عام 2024 يظهر الرئيس الأمريكي جو بايدن وهو ""يعض"" بشكل مرح على كتف طفلة تبدو في سن الحضانة.","","FALSE","0","0","0"
"315","أعلنت السكرتيرة الصحفية للبيت الأبيض كارين جان بيير في يناير 2024 أن الرئيس الأمريكي جو بايدن لديه معدل ذكاء يبلغ 187.","","FALSE","0","0","0"
"316","""ترامب هو الرئيس الأمريكي الوحيد في الـ 72 عامًا الماضية (منذ عام 1952) الذي لم ""يخض أي حروب"".""","","FALSE","0","0","0"
"317","في أغسطس 2007، قال السيناتور الأمريكي آنذاك جو بايدن إنه ""لا يمكن لأي أمة عظيمة"" أن تكون لديها حدود غير مضبوطة، واقترح زيادة الأمن على طول الحدود الأمريكية-المكسيكية، بما في ذلك سياج حدودي جزئي وزيادة عدد عملاء حرس الحدود.","","FALSE","0","0","1"
"318","فيديو تم مشاركته في 10 ديسمبر 2023 يظهر حشدًا يهتف ""تبًا لجو بايدن"" خلال مباراة كرة القدم بين الجيش والبحرية.","","FALSE","0","0","0"
"319","""فيديو مسجل في نوفمبر 2023 يصور بشكل حقيقي قسيسًا عسكريًا أمريكيًا يصلي بجانب الرئيس الأمريكي جو بايدن من أجل ""إعادة الرئيس الحقيقي، دونالد ج. ترامب"".""","","FALSE","0","0","0"
"320","يتم بيع كتاب مطبوع يوضح محتويات الحاسوب المحمول المهجور لهانتر بايدن مقابل 50 دولارًا.","","FALSE","0","0","0"
"321","صورة تظهر جو بايدن وهو يعض أو يقضم إصبع جيل بايدن في حدث انتخابي عام 2019 بشكل حقيقي.","","FALSE","0","0","0"
"322","""مع انتهاء أمر الصحة العامة في عهد ترامب، العنوان 42، في 11 مايو 2023، نفذت إدارة بايدن سياسة تقييدية أخرى تتعلق بطالبي اللجوء. على غرار قاعدة في عهد ترامب، فإن هذه السياسة تستبعد المهاجرين من الحماية الأمريكية إذا فشلوا في طلب اللجوء في بلد ثالث، مثل المكسيك، قبل عبور الحدود الجنوبية للولايات المتحدة.""","","FALSE","0","0","1"
"323","الرئيس الأمريكي جو بايدن يفكر في فرض قيود على تصويت مشتركي تويتر بلو قبل الانتخابات الرئاسية لعام 2024.","","FALSE","0","0","0"
"324","في أبريل 2023، قام الرئيس التنفيذي لتويتر إيلون ماسك بتصنيف الحساب الشخصي لرئيس الولايات المتحدة جو بايدن كحساب تجاري مع علامة مجتمعية.","","FALSE","0","0","0"
"325","ابنة القاضي المكلف بقضية الأموال السرية الجنائية للرئيس الأمريكي السابق الجمهوري دونالد ترامب عملت في حملات ديمقراطية تتعلق بنائبة الرئيس كامالا هاريس والرئيس جو بايدن.","","FALSE","0","0","0"
"326","في مارس 2023، شوهد الرئيس جو بايدن وهو يغادر طائرة الرئاسة مع صبي صغير يرتدي ملابس فتاة.","","FALSE","0","0","0"
"327","في رسالة فيديو في فبراير 2023، استند الرئيس الأمريكي جو بايدن إلى قانون الخدمة الانتقائية، الذي سيقوم بتجنيد الشباب البالغين من العمر 20 عامًا من خلال القرعة للانضمام إلى الجيش نتيجة لأزمة الأمن القومي التي تسبب فيها غزو روسيا لأوكرانيا.","","FALSE","0","0","0"
"328","لقطات فيديو تظهر ""الشبيه الجسدي"" للرئيس الأوكراني فولوديمير زيلينسكي وهو يمشي خلفه في فبراير 2023.","","FALSE","0","0","0"
"329","صورة تم تداولها على وسائل التواصل الاجتماعي في يونيو 2019 تظهر نائب الرئيس السابق جو بايدن مع الساحر الأكبر لمنظمة كو كلوكس كلان.","","FALSE","0","0","0"
"330","خلال زيارته إلى بولندا في فبراير 2023، أظهرت الصور الرئيس الأمريكي جو بايدن بجبهة مصابة بكدمة نتيجة سقوطه.","","FALSE","0","0","0"
"331","فيديو يظهر بصدق الرئيس الأمريكي جو بايدن يتعثر على درج الطائرة أثناء نزوله من طائرة الرئاسة في رحلة إلى بولندا في فبراير 2023.","","FALSE","0","0","0"
"332","فيديو للرئيس الأمريكي جو بايدن من عام 2015 يظهره يروج لأجندة لجعل ""الأمريكيين البيض"" من أصل أوروبي ""أقلية مطلقة"" في الولايات المتحدة من خلال ""الهجرة المستمرة"" للأشخاص الملونين.","","FALSE","0","0","0"
"333","""أظهر فيديو بدقة شخصًا يدعي أنه نائبة الرئيس الأمريكي كامالا هاريس جالسًا خلف الرئيس الأمريكي جو بايدن خلال خطابه عن حالة الاتحاد في 7 فبراير 2023. ويبدو أن قناع الشخص ينزلق بسبب الجلد الرخو حول رقبتها، مما يثبت أنها تتظاهر بأنها هاريس.""","","FALSE","0","0","0"
"334","أثناء إلقاء خطاب حول حقوق الإنجاب في 22 يناير 2023، ذكرت نائبة الرئيس الأمريكي كامالا هاريس ""الحرية"" و""السعي لتحقيق السعادة""، لكنها لم تذكر ""الحياة"" عند الإشارة إلى الحقوق التي نتمتع بها في إعلان الاستقلال.","","FALSE","0","0","1"
"335","القانون الفيدرالي لا يمنح نواب الرئيس الأمريكيين سلطة رفع السرية عن الوثائق الحكومية.","","FALSE","0","0","1"
"336","""الرئيس الأمريكي جو بايدن كان يبني جدارًا على ممتلكات منزله الشاطئي باستخدام أموال دافعي الضرائب في عام 2023.""","","FALSE","0","0","0"
"337","تخطط إدارة الرئيس الأمريكي جو بايدن لحظر مواقد الغاز بسبب المخاوف المتعلقة بتغير المناخ.","","FALSE","0","0","0"
"338","""صور لشحمة أذن الرئيس المنتخب جو بايدن على مر الزمن تظهر أن شخصًا آخر يحل محله في بعض الفعاليات العامة.""","","FALSE","0","0","0"
"339","صورة من عام 2018 تظهر بصدق النائب الأمريكي كيفن مكارثي في جلسة للمنتدى الاقتصادي العالمي في دافوس، سويسرا، إلى جانب إيلين تشاو، وزيرة النقل الأمريكية آنذاك وزوجة السيناتور الأمريكي ميتش ماكونيل.","","FALSE","0","0","1"
"340","البابا بنديكتوس السادس عشر طلب عدم دعوة الرئيس الأمريكي جو بايدن إلى جنازته.","","FALSE","0","0","0"
"341","""بعد أن أصبح نائب الرئيس في عام 2008، منح الرئيس الأمريكي الحالي جو بايدن عمه، فرانك هـ. بايدن، وسام القلب الأرجواني لخدمته العسكرية في معركة الثغرة خلال الحرب العالمية الثانية.""","","FALSE","0","0","0"
"342","""تلقى بول ويلان تسريحًا عقابيًا من مشاة البحرية.""","","FALSE","0","0","0"
"343","مذكرات كتبتها ابنة الرئيس الأمريكي جو بايدن، آشلي بايدن، تصف الاستحمام مع والدها عندما كانت طفلة بأنه ""ربما غير مناسب"".","","FALSE","0","0","1"
"344","""اعتبارًا من 1 ديسمبر 2022، لم يزر الرئيس الأمريكي جو بايدن الحدود الأمريكية المكسيكية منذ توليه منصبه في أوائل عام 2021.""","","FALSE","0","0","1"
"345","استخدام الرئيس الأمريكي جو بايدن لـ ""أوراق الغش"" أو التعليمات في الفعاليات العامة هو ممارسة غير معتادة.","","FALSE","0","0","0"
"346","""كانت السيدة الأولى جيل بايدن مراهقة تعمل كمربية لأطفال عائلة بايدن عندما بدأت في مواعدة الرئيس جو بايدن.""","","FALSE","0","0","0"
"347","صحيفة براغ وصفت الشعب الأمريكي بأنه ""اتحاد من الحمقى"" لانتخابهم جو بايدن.","","FALSE","0","0","0"
"348","الرئيس جو بايدن وقع أمرًا تنفيذيًا في عام 2021 يسمح للولايات المتحدة بتمويل عمليات الإجهاض في الخارج.","","FALSE","0","0","1"
"349","صورة تظهر نائب الرئيس جو بايدن وهو يلمس ستيفاني كارتر، زوجة وزير الدفاع السابق آشتون كارتر، خلال مراسم حكومية.","","FALSE","0","0","1"
